Title,URL,Guest_Post,Contact_Page,Emails,Status
Write for Us: Share Your Fashion Expertise,https://theformalclub.in/pages/write-for-us,True,/pages/contact-us,"editor@theformalclub.com, name@example.com, care@theformalclub.com",ok
"Write for Us – Fashion, Beauty & Lifestyle (Submit Guest Post)",https://fashionslifestyle.fashion.blog/write-for-us,True,,"thomson@reutersmarkets.com, andyrobert877@gmail.com",ok
Write For Us Fashion - Guest Post | PDF,https://www.scribd.com/document/699000990/Write-for-us-Fashion-Guest-Post,False,,,ok
Fashion Blogs or Guest Post Sites Who Accept Write For Us,https://www.homeopathy360.com/fashion-blogs-or-guest-post-sites-who-accept-write-for-us,True,https://www.homeopathy360.com/our-team/,,ok
Write with Us,https://www.fashionstudiesjournal.org/call-for-contributors,False,/contact-1,user@domain.com,ok
Write for Us + Fashion + Beauty + Tech (Submit Guest Post),https://www.tashiara.com/p/submit-guest-post-write-for-us-fashion.html,True,https://www.tashiara.com/p/contact-us.html,,ok
WRITE FOR US,https://creatorsmag.com/pages/write-for-us,True,/pages/contact-us,"Advertising@creatorsmag.com, BLACK_3x_1fbb8ed5-59d7-4c9e-af43-84ebc8af0ab9_450x@2x.png",ok
Write for Us,https://fashion-era.com/write-for-us,False,,,ok
Write For Us,https://www.luxuo.com/write-for-us,True,https://www.luxuo.com/contact,,ok
Fashion Write For Us,https://adsy.com/fashion-write-for-us,True,/contact,,ok
Write For Us | Blog Collaboration,https://www.braforme.com/en-us/pages/write-for-us,True,https://www.braforme.com/pages/contact-us,info@braforme.com,ok
Write for Us,https://suitcentury.com/write-for-us,True,https://suitcentury.com/contact,info@suitcentury.com,ok
Write For Us,https://www.luxuo.com/write-for-us,True,https://www.luxuo.com/contact,,ok
Write for Us: Share Your Fashion Expertise,https://theformalclub.in/pages/write-for-us,True,/pages/contact-us,"editor@theformalclub.com, name@example.com, care@theformalclub.com",ok
"Write for Us - Submit Free Articles on Fashion, Apparel & Textile Industry",https://www.fibre2fashion.com/industry-article/submit-free-articles,True,,"articles@fibre2fashion.com, editorial@fibre2fashion.com, inquiry@fibre2fashion.com, support@weglot.com",ok
"Write for Us – Fashion, Beauty & Lifestyle (Submit Guest Post)",https://fashionslifestyle.fashion.blog/write-for-us,True,,"thomson@reutersmarkets.com, andyrobert877@gmail.com",ok
"Write For Us – Fashion Toll, Beauty & Lifestyle (Submit Guest Post) 2026",https://fashiontoll.com/write-for-us,True,https://fashiontoll.com/contact/,,ok
Write for Us,https://adornedinarmor.com/write-for-us,True,/contact,"hi@adornedinarmor.com, tarahsaint@gmail.com",ok
Write for Us,https://fashion-era.com/write-for-us,False,,,ok
WRITE FOR US,https://creatorsmag.com/pages/write-for-us,True,/pages/contact-us,"Advertising@creatorsmag.com, BLACK_3x_1fbb8ed5-59d7-4c9e-af43-84ebc8af0ab9_450x@2x.png",ok
"Tips and Trends, Beauty Product Reviews",https://www.vogue.com/beauty,False,/contact,help@newyorker.com,ok
This is Beauty US,https://thisisbeauty.us,False,/pages/contact,,ok
"Beauty Brands: Beauty, Skincare, Makeup, Hair, Nails, Salon ...",https://www.beautybrands.com/home,False,https://www.beautybrands.com/on/demandware.store/Sites-BeautyBrands-Site/en_US/ContactUs-Landing,customerservice@beautybrands.com,ok
Beauty,https://en.wikipedia.org/wiki/Beauty,True,//en.wikipedia.org/wiki/Wikipedia:Contact_us,,ok
"Ulta Beauty | Makeup, Skin Care, Fragrance, Hair Care ...",https://www.ulta.com,False,https://www.ulta.com/guestservices/all#Contact_Us,,ok
"The Beauty | Oﬃcial Trailer | Evan Peters, Rebecca Hall ...",https://www.youtube.com/watch?v=5bDmmK15CNY,False,/t/contact_us/,,ok
FX's The Beauty,https://www.fxnetworks.com/shows/the-beauty,False,,,ok
Watch BEAUTY | Netflix Official Site,https://www.netflix.com/title/81044100,False,https://help.netflix.com/contactus,inexorabletash@gmail.com,ok
BEAUTY Definition & Meaning,https://www.merriam-webster.com/dictionary/beauty,False,,,ok
BEAUTY | definition in the Cambridge English Dictionary,https://dictionary.cambridge.org/us/dictionary/english/beauty,False,,,ok
"Write for Us – Fashion, Beauty & Lifestyle (Submit Guest Post)",https://fashionslifestyle.fashion.blog/write-for-us,True,,"thomson@reutersmarkets.com, andyrobert877@gmail.com",ok
WRITE FOR US,https://creatorsmag.com/pages/write-for-us,True,/pages/contact-us,"Advertising@creatorsmag.com, BLACK_3x_1fbb8ed5-59d7-4c9e-af43-84ebc8af0ab9_450x@2x.png",ok
Lifestyle Write For Us | Blogs And Article Accepted,https://rkcloth.com/write-for-us-lifestyle,False,,,ok
Write For Us Lifestyle & Personal Growth | DoctiPlus,https://doctiplus.net/write-for-us,True,https://doctiplus.net/contact-us,info.doctiplus@gmail.com,ok
Write for Us + Fashion + Beauty + Tech (Submit Guest Post),https://www.tashiara.com/p/submit-guest-post-write-for-us-fashion.html,True,https://www.tashiara.com/p/contact-us.html,,ok
write for us fashion,https://medium.com/@fashiontipsguestposts/write-for-us-fashion-bf48102a24a7,False,,,ok
Want To Write For Us,https://www.liveloveraw.com/want-to-write-for-us,True,https://www.liveloveraw.com/contact-us/,,ok
"Write for us - Women's Nutrition, Yoga, Wellness - Retreats",https://www.thehouseofrose.com/write-for-us,True,https://www.thehouseofrose.com/contact-us/,,ok
"Write for Us Health, Beauty & Wellness Guest Posts",https://yourhealthmagazine.net/write-for-us,True,https://yourhealthmagazine.net/contact/,content@yourhealthmedia.net,ok
"Write For Us – Fashion Toll, Beauty & Lifestyle (Submit Guest Post) 2026",https://fashiontoll.com/write-for-us,True,https://fashiontoll.com/contact/,,ok
Fashion Guest Post Submission Guidelines and ...,https://www.slideshare.net/slideshow/fashion-guest-post-submission-guidelines-and-opportunities-for-2027/288202140,False,,,ok
Buy Fashion Guest Posts on High Quality Sites,https://loganix.com/fashion-guest-posts,True,https://loganix.com/contact-us/,"support@loganix.com, Check-Circle-3@2x.png, Check@2x.png, Check-Circle-1@2x.png, Town@2x.png, eye@2x.png, Check-Circle-2@2x.png, Browser@2x.png, Graph-2@2x.png, support@loganix.net, City@2x.png",ok
Fashion Guest Posting Sites Updated for 2026,https://www.linkee.ai/blog/fashion-guest-posting-sites,True,#,"info@fashiongonerogue.com, vaughn@the360mag.com, help@covetfashion.com, admin@rabbiitfirm.com, contact@naludamagazine.com, neil@holrmagazine.com, fashionsizzle1@gmail.com, andiperullo@aol.com, jud@elevatedmagazines.com, julie.freestone@artichokehq.com, davidsguideblog@gmail.com, kvd@kvdbrand.com, info@clichegroup.com, melissa@sheownsit.com, tamarakle@gmail.com, info@impactwealth.org, advertise@fizzymag.com, info@Fashion-era.com, heatherwinfield@gmail.com, hannah@talentedladiesclub.com, cbrock@thebudgetfashionista.com, hello@ourgoodbrands.com, info@pinktownusa.com, contactfashionisk@gmail.com, editors@literallydarling.com, info@roserypoetry.com, info@newwavemagazine.com, stacieconnerty@gmail.com, alana@copenhagenfashionsummit.com, kevin@luxurialifestyle.com, jenny.in.neverland@hotmail.co.uk, post@sociallifemagazine.com, info@swaggermagazine.com, contactus@stylingoutfits.com, pr@thefoxmagazine.com, julia@luxnomade.com, chriscruzleija@gmail.com, christy@whenwomeninspire.com, info@designscene.net, info@minimalism.co, amsah.fatima@ztudium.com, mathew.ebay937@gmail.com, themewsbeauty@gmail.com, admin@allmyfriendsaremodels.com",ok
"Write for Us – Fashion, Beauty & Lifestyle (Submit Guest Post)",https://fashionslifestyle.fashion.blog/write-for-us,True,,"thomson@reutersmarkets.com, andyrobert877@gmail.com",ok
List Of Fashion Guest Posting Sites,https://www.serppro.ai/fashion-guest-posting-sites,False,,,ok
24 Best Guest Post Fashion Services To Buy Online,https://www.fiverr.com/gigs/guest-post-fashion,True,/fbs-contact-us?source=footer,"john.smith@domain.com, yourname@company.com, name@email.com, example@domain.com",ok
Fashion Guest Post - Beauty Lifestyle Guest Post,https://legiit.com/Usman5911/fashion-guest-post-beauty-lifestyle-guest-post,True,,,ok
List of Fashion Guest Posting Sites,https://guestpostlinks.net/niche/fashion-guest-posting-sites,True,/contact/,"hello@guestpostlinks.net, hi@guestpostlinks.net",ok
77 Fashion Guest Posting Sites - Quality Fashion Blogs,https://www.linkio.com/guest-posting-sites/fashion-blogs,True,/contact,support@linkio.com,ok
Fashion Guest Posting Sites List - Updated In July 2026 - LinkCrafters | Go-To Link Building Agency,https://linkcrafters.com/blog/fashion-guest-posting-sites,True,https://www.vanityfair.com/contact/contact-us,hello@linkcrafters.com,ok
Fashion Submit A Guest Post Blogs accepting at contact.rkcloth@gmail.com,https://rkcloth.com/fashion-submit-a-guest-post,False,,,ok
Write for Us: Share Your Fashion Expertise,https://theformalclub.in/pages/write-for-us,True,/pages/contact-us,"editor@theformalclub.com, name@example.com, care@theformalclub.com",ok
Fashion Guest Post Submission Guidelines and ...,https://www.slideshare.net/slideshow/fashion-guest-post-submission-guidelines-and-opportunities-for-2027/288202140,False,,,ok
Write for Us + Fashion + Beauty + Tech (Submit Guest Post),https://www.tashiara.com/p/submit-guest-post-write-for-us-fashion.html,True,https://www.tashiara.com/p/contact-us.html,,ok
"Write for Us – Fashion, Beauty & Lifestyle (Submit Guest Post)",https://fashionslifestyle.fashion.blog/write-for-us,True,,"thomson@reutersmarkets.com, andyrobert877@gmail.com",ok
Guest Post Fashion | Write for Us,https://akoscreative.com.au/guest-post-fashion,True,https://akoscreative.com.au/contact-us/,"akoscreative@hotmail.com.com, akoscreative@hotmail.com",ok
Best Fashion Guest Post Sites: Write and Get Seen,https://prposting.com/blog/260-best-fashion-guest-post-sites,True,https://prposting.com/contact-us,username@gmail.com,ok
100+ Fashion Guest Post Sites That Allow Guest Posting in 2025 [List],https://guestpostlinks.net/fashion-guest-post-sites-that-allows-guest-posts-list,True,https://www.businessoffashion.com/contact,"hello@guestpostlinks.net, hi@guestpostlinks.net",ok
Write For Us Fashion - Guest Post | PDF,https://www.scribd.com/document/699000990/Write-for-us-Fashion-Guest-Post,False,,,ok
How to submit a guest post for a fashion website,https://www.quora.com/How-do-I-submit-a-guest-post-for-a-fashion-website,False,,,ok
Fashion Blogs or Guest Post Sites Who Accept Write For Us,https://www.homeopathy360.com/fashion-blogs-or-guest-post-sites-who-accept-write-for-us,True,https://www.homeopathy360.com/our-team/,,ok
Fashion Guest Post Submission Guidelines and ...,https://www.slideshare.net/slideshow/fashion-guest-post-submission-guidelines-and-opportunities-for-2027/288202140,False,,,ok
How To Write A Good Fashion Blog?,https://www.iienstitu.com/en/blog/how-to-write-a-good-fashion-blog,True,/en/contact,"your@email.com, you@example.com, support@iienstitu.com",ok
Write for Us: Share Your Fashion Expertise,https://theformalclub.in/pages/write-for-us,True,/pages/contact-us,"editor@theformalclub.com, name@example.com, care@theformalclub.com",ok
Write For Us Fashion - Guest Post | PDF,https://www.scribd.com/document/699000990/Write-for-us-Fashion-Guest-Post,False,,,ok
"Write for Us – Fashion, Beauty & Lifestyle (Submit Guest Post)",https://fashionslifestyle.fashion.blog/write-for-us,True,,"thomson@reutersmarkets.com, andyrobert877@gmail.com",ok
100+ Fashion Guest Post Sites That Allow Guest Posting in 2025 [List],https://guestpostlinks.net/fashion-guest-post-sites-that-allows-guest-posts-list,True,https://www.businessoffashion.com/contact,"hello@guestpostlinks.net, hi@guestpostlinks.net",ok
Guest Post - Easy Fashion for Moms - Now That I Can Do,https://nowthaticando.com/guest-post,True,https://nowthaticando.com/contact,corina@nowthaticando.com,ok
"As a fashion blogger, which blogs can I write a guest post for?",https://www.quora.com/As-a-fashion-blogger-which-blogs-can-I-write-a-guest-post-for,False,,,ok
Write for Us: Be a Fashion Guest Post Contributor and ...,https://www.reddit.com/user/immigrationlawyer76/comments/13lryum/write_for_us_be_a_fashion_guest_post_contributor,False,,,ok
Write for Us — Health & Wellness | Radiant Health Magazine,https://www.radianthealthmag.com/write-for-us,True,https://www.radianthealthmag.com/contact-us/,,ok
Fitness Write for Us - Women Fitness Magazine,https://womenfitnessmag.com/write-for-us,True,https://womenfitnessmag.com/contact-women-fitness-magazine/,,ok
Write For Us - People Magazine,https://peoplemagazineus.com/write-for-us,True,https://peoplemagazineus.com/contact-us/,brucemarsus@gmail.com,ok
Write For Us — Bloom Magazine,https://www.bloomlifestyleco.com/write-for-us,True,/contact-us,user@domain.com,ok
Write for us - Funny Women Magazine,https://magazine.funnywomen.com/2023/11/10/write-for-us,True,https://funnywomen.com/contact,"info@funnywomen.com, editor@funnywomen.com",ok
"900+ Reverbtime Magazine - Write for Us ideas | online magazine, how to run longer, how to memorize things",https://www.pinterest.com/morhadotsan/reverbtime-magazine-write-for-us,True,,,ok
Write for Funny Women! - Funny Women Magazine,https://funnywomen.com/2020/03/03/write-for-funny-women,False,https://funnywomen.com/contact,editor@funnywomen.com,ok
Mslexia - a magazine for women who write - Gabi Coatsworth,https://gabicoatsworth.com/mslexia-a-magazine-for-women-who-write,False,https://gabicoatsworth.com/contact-me/,,ok
Women Write Now A Comedic Screenwriting Fellowship For Black Women Archives - Script Magazine,https://scriptmag.com/tag/women-write-now-a-comedic-screenwriting-fellowship-for-black-women/feed,False,,,ok
Women Write Now Archives - Script Magazine,https://scriptmag.com/tag/women-write-now/feed,False,,,ok
